Date,Close/Last,Volume,Open,High,Low
06/24/2024,$237.71,272726,$245.13,$245.13,$237.66
06/21/2024,$246.90,820482,$245.05,$248.79,$238.63
06/20/2024,$245.99,640610,$253.54,$257.04,$243.62
06/18/2024,$254.33,574162,$249.02,$256.51,$246.8273
06/17/2024,$248.28,428619,$242.19,$252.32,$241.20
06/14/2024,$240.92,376285,$241.19,$243.56,$236.07
06/13/2024,$245.20,344986,$237.93,$245.25,$234.80
06/12/2024,$237.69,192973,$239.71,$244.74,$237.49
06/11/2024,$233.72,341225,$234.71,$235.74,$230.70
06/10/2024,$237.43,472121,$228.73,$238.305,$228.73
06/07/2024,$230.69,383738,$235.04,$235.04,$229.38
06/06/2024,$236.21,544368,$243.10,$243.1784,$235.51
06/05/2024,$242.71,328800,$236.98,$243.21,$235.88
06/04/2024,$233.26,269176,$237.00,$237.00,$229.435
06/03/2024,$239.19,280619,$245.93,$245.93,$235.7191
05/31/2024,$239.53,416503,$245.83,$248.94,$231.92
05/30/2024,$246.33,311763,$242.34,$247.02,$240.01
05/29/2024,$240.89,426180,$244.00,$245.305,$240.75
05/28/2024,$245.05,308040,$248.67,$250.38,$243.06
05/24/2024,$246.07,400215,$243.12,$247.72,$240.08
05/23/2024,$242.39,755618,$241.26,$248.00,$239.985
05/22/2024,$234.22,297286,$234.05,$236.96,$232.29
05/21/2024,$231.57,375419,$229.54,$231.97,$225.80
05/20/2024,$231.34,339974,$231.14,$234.27,$228.99
05/17/2024,$230.45,540500,$236.66,$236.98,$227.87
05/16/2024,$235.15,383816,$235.92,$238.205,$232.49
05/15/2024,$236.69,440027,$235.00,$238.76,$234.34
05/14/2024,$232.39,551085,$221.90,$232.69,$220.12
05/13/2024,$219.77,414881,$224.41,$224.44,$218.89
05/10/2024,$222.73,523006,$220.00,$223.405,$217.09
05/09/2024,$218.01,552649,$212.68,$218.50,$209.151
05/08/2024,$211.55,602285,$208.36,$212.34,$202.4087
05/07/2024,$209.31,1144135,$209.815,$218.80,$207.275
05/06/2024,$188.83,914077,$180.94,$190.44,$180.73
05/03/2024,$179.22,599682,$179.06,$181.57,$175.965
05/02/2024,$174.19,475422,$175.06,$175.54,$168.765
05/01/2024,$172.61,384777,$171.87,$176.53,$168.57
04/30/2024,$173.07,585135,$175.28,$178.06,$173.02
04/29/2024,$176.00,394186,$175.90,$179.6297,$175.80
04/26/2024,$175.45,218112,$172.93,$177.12,$172.93
04/25/2024,$172.20,278655,$167.38,$172.94,$167.38
04/24/2024,$169.93,340259,$168.48,$172.48,$167.585
04/23/2024,$168.67,448215,$165.33,$170.69,$165.33
04/22/2024,$164.17,329257,$164.27,$165.25,$161.18
04/19/2024,$162.32,634386,$165.74,$166.4699,$159.69
04/18/2024,$165.20,396241,$166.25,$169.48,$163.97
04/17/2024,$166.12,410569,$174.32,$174.32,$166.02
04/16/2024,$172.85,287386,$172.88,$173.62,$171.55
04/15/2024,$172.88,435094,$174.07,$174.72,$171.35
04/12/2024,$173.33,486282,$175.63,$177.60,$171.19
04/11/2024,$178.48,825284,$177.70,$180.56,$176.20
04/10/2024,$176.85,947724,$183.97,$184.36,$176.19
04/09/2024,$189.01,242363,$189.42,$191.00,$186.14
04/08/2024,$188.62,274924,$190.62,$193.62,$188.32
04/05/2024,$187.45,255683,$187.23,$190.56,$186.69
04/04/2024,$187.23,331022,$193.15,$194.41,$186.635
04/03/2024,$190.06,455065,$185.94,$191.515,$183.915
04/02/2024,$185.41,593153,$185.28,$186.525,$180.10
04/01/2024,$188.83,382402,$191.42,$191.42,$186.74
03/28/2024,$189.02,449242,$190.66,$193.035,$188.10
03/27/2024,$191.37,426759,$189.56,$191.53,$186.21
03/26/2024,$186.35,522078,$193.69,$194.685,$186.35
03/25/2024,$192.08,354248,$194.36,$195.00,$190.29
03/22/2024,$197.14,433376,$202.06,$204.72,$194.75
03/21/2024,$206.80,595144,$200.84,$207.85,$199.96
03/20/2024,$192.12,1062775,$194.00,$194.63,$186.675
03/19/2024,$192.72,593475,$195.00,$198.61,$188.00
03/18/2024,$198.40,363777,$201.69,$204.23,$197.40
03/15/2024,$200.02,637388,$195.02,$200.26,$193.01
03/14/2024,$197.94,330602,$201.20,$202.25,$195.87
03/13/2024,$202.15,302537,$201.19,$204.59,$197.885
03/12/2024,$201.19,329805,$203.13,$203.13,$198.06
03/11/2024,$201.79,557811,$212.01,$212.01,$200.14
03/08/2024,$214.58,321598,$223.42,$225.5099,$214.28
03/07/2024,$220.36,403671,$225.85,$226.905,$219.17
03/06/2024,$225.01,284499,$224.86,$225.80,$220.47
03/05/2024,$220.62,279746,$219.22,$221.932,$215.96
03/04/2024,$221.92,314267,$219.97,$225.73,$219.97
03/01/2024,$218.60,411733,$216.00,$221.07,$214.28
02/29/2024,$215.57,599853,$208.01,$217.12,$205.01
02/28/2024,$203.94,321387,$200.54,$207.695,$200.00
02/27/2024,$202.39,273400,$200.60,$204.615,$199.72
02/26/2024,$199.73,254112,$200.00,$201.69,$197.28
02/23/2024,$199.12,444606,$201.11,$201.11,$191.88
02/22/2024,$200.84,523420,$194.72,$203.52,$194.72
02/21/2024,$188.39,382278,$181.94,$188.75,$180.405
02/20/2024,$183.58,623981,$192.99,$195.32,$182.90
02/16/2024,$196.70,697054,$200.52,$203.68,$195.79
02/15/2024,$202.15,492166,$202.12,$203.505,$198.715
02/14/2024,$202.03,360340,$198.64,$203.225,$195.95
02/13/2024,$194.43,452694,$197.29,$199.71,$191.12
02/12/2024,$204.72,450659,$205.92,$208.445,$201.555
02/09/2024,$204.56,496032,$197.25,$205.39,$194.01
02/08/2024,$196.07,634955,$193.61,$202.115,$192.41
02/07/2024,$192.33,1151720,$182.19,$193.10,$180.53
02/06/2024,$182.43,2782919,$183.89,$184.00,$166.525
02/05/2024,$223.60,827265,$225.00,$229.02,$218.29
02/02/2024,$223.65,316101,$220.58,$224.93,$218.71
02/01/2024,$221.79,403628,$214.99,$222.48,$214.99
01/31/2024,$213.51,405508,$217.04,$221.20,$213.41
01/30/2024,$219.83,453110,$214.26,$220.69,$213.82
01/29/2024,$212.49,347594,$209.06,$213.73,$209.06
01/26/2024,$209.03,315438,$208.71,$211.265,$206.25
01/25/2024,$209.63,389892,$210.85,$211.69,$207.445
01/24/2024,$207.28,361747,$206.34,$211.36,$204.55
01/23/2024,$203.27,229061,$204.59,$205.31,$200.87
01/22/2024,$203.36,421816,$204.90,$207.72,$202.5567
01/19/2024,$201.96,516892,$194.47,$202.7099,$192.48
01/18/2024,$191.37,247979,$188.69,$191.38,$187.825
01/17/2024,$186.56,244235,$186.68,$187.54,$183.80
01/16/2024,$188.30,226337,$188.20,$189.09,$186.32
01/12/2024,$188.80,112747,$190.59,$191.34,$187.20
01/11/2024,$188.51,212978,$186.39,$189.58,$182.76
01/10/2024,$185.56,214291,$189.33,$191.99,$185.45
01/09/2024,$189.20,148206,$185.57,$189.22,$184.3304
01/08/2024,$188.38,197845,$183.45,$189.89,$183.45
01/05/2024,$184.29,212184,$181.22,$186.78,$181.22
01/04/2024,$182.59,306763,$184.26,$185.96,$182.58
01/03/2024,$185.33,233748,$186.66,$190.08,$185.255
01/02/2024,$189.13,329185,$186.92,$189.72,$185.19
12/29/2023,$190.33,296974,$195.18,$196.05,$189.51
12/28/2023,$196.91,187478,$196.93,$198.43,$196.025
12/27/2023,$198.08,327592,$196.82,$199.99,$196.00
12/26/2023,$196.30,199427,$192.71,$196.44,$192.24
12/22/2023,$191.97,204676,$192.15,$193.48,$190.69
12/21/2023,$191.42,245867,$191.12,$192.57,$188.9334
12/20/2023,$188.26,432302,$191.09,$195.23,$187.69
12/19/2023,$191.74,517719,$193.97,$196.885,$189.18
12/18/2023,$192.17,447783,$189.65,$193.55,$185.98
12/15/2023,$188.53,823160,$190.00,$190.00,$183.75
12/14/2023,$186.91,564018,$179.89,$187.80,$179.62
12/13/2023,$176.17,303357,$171.41,$177.085,$171.185
12/12/2023,$171.49,198635,$171.39,$171.86,$168.51
12/11/2023,$170.96,275409,$166.65,$172.027,$166.65
12/08/2023,$166.25,187482,$164.50,$168.01,$164.50
12/07/2023,$165.11,160004,$162.15,$165.54,$161.20
12/06/2023,$162.55,357915,$166.74,$168.00,$161.56
12/05/2023,$164.84,241140,$166.61,$166.61,$162.80
12/04/2023,$166.98,268656,$164.40,$167.07,$163.6701
12/01/2023,$165.00,248506,$161.33,$166.74,$161.33
11/30/2023,$161.90,491477,$163.08,$163.74,$159.305
11/29/2023,$163.00,300318,$164.89,$168.19,$161.19
11/28/2023,$164.31,198486,$164.53,$166.20,$162.80
11/27/2023,$163.49,210043,$164.14,$165.73,$162.07
11/24/2023,$165.08,98010,$166.87,$166.87,$164.205
11/22/2023,$165.63,220394,$167.26,$169.69,$164.78
11/21/2023,$165.68,289989,$169.43,$169.795,$164.91
11/20/2023,$171.18,163366,$172.00,$172.31,$169.86
11/17/2023,$171.23,239236,$170.30,$172.54,$169.80
11/16/2023,$168.28,188933,$169.82,$170.82,$167.07
11/15/2023,$171.26,292188,$174.74,$176.87,$171.20
11/14/2023,$174.50,264863,$174.05,$176.135,$172.59
11/13/2023,$169.18,336449,$167.00,$169.50,$165.16
11/10/2023,$167.64,274249,$168.58,$168.58,$164.57
11/09/2023,$167.00,270470,$171.92,$172.29,$166.05
11/08/2023,$171.93,431485,$171.79,$176.85,$169.38
11/07/2023,$171.51,971300,$163.15,$176.00,$157.55
11/06/2023,$161.59,504628,$162.75,$164.9073,$160.65
11/03/2023,$162.52,349985,$157.13,$164.06,$157.00
11/02/2023,$155.21,374036,$156.25,$158.68,$152.80
11/01/2023,$153.73,412245,$154.94,$156.48,$152.27
10/31/2023,$155.00,287312,$153.29,$156.45,$149.19
10/30/2023,$154.45,308001,$154.05,$155.905,$152.05
10/27/2023,$151.97,433940,$154.22,$154.98,$149.46
10/26/2023,$153.26,522009,$161.98,$162.30,$151.53
10/25/2023,$161.16,202862,$164.38,$164.38,$161.11
10/24/2023,$164.68,178147,$162.98,$165.68,$162.91
10/23/2023,$162.94,299745,$160.05,$164.89,$158.65
10/20/2023,$160.73,262538,$163.52,$164.15,$158.42
10/19/2023,$163.98,298660,$167.92,$168.03,$163.5575
10/18/2023,$167.67,450902,$172.08,$172.94,$167.10
10/17/2023,$174.59,229737,$172.61,$176.885,$172.07
10/16/2023,$175.67,197901,$175.42,$178.80,$174.79
10/13/2023,$173.18,283448,$178.44,$178.99,$172.04
10/12/2023,$178.78,291502,$182.40,$183.74,$178.21
10/11/2023,$181.96,330618,$178.49,$182.30,$177.81
10/10/2023,$177.81,400235,$176.28,$183.16,$174.62
10/09/2023,$175.55,294858,$173.89,$176.9282,$171.63
10/06/2023,$175.76,729507,$174.00,$182.47,$174.00
10/05/2023,$174.12,589960,$173.06,$174.41,$169.00
10/04/2023,$170.10,295377,$167.70,$170.77,$166.6999
10/03/2023,$167.58,414744,$167.78,$169.30,$166.43
10/02/2023,$168.36,419350,$166.32,$168.37,$165.60
09/29/2023,$166.62,561958,$168.65,$170.0699,$165.00
09/28/2023,$167.90,856954,$159.10,$169.29,$158.41
09/27/2023,$158.92,516747,$155.20,$160.167,$154.68
09/26/2023,$153.65,250019,$155.30,$155.90,$153.34
09/25/2023,$156.16,302453,$155.04,$158.87,$154.71
09/22/2023,$156.08,431767,$152.42,$157.53,$151.78
09/21/2023,$151.27,384330,$151.96,$153.23,$151.00
09/20/2023,$153.76,220671,$153.44,$156.2899,$153.01
09/19/2023,$152.55,317094,$150.18,$152.92,$149.48
09/18/2023,$149.88,168010,$150.06,$152.0439,$148.9747
09/15/2023,$151.24,559436,$149.99,$151.41,$149.19
09/14/2023,$150.09,164276,$149.16,$150.98,$148.30
09/13/2023,$148.18,200534,$148.68,$149.27,$146.65
09/12/2023,$148.80,168726,$151.12,$152.625,$148.49
09/11/2023,$152.06,250299,$152.71,$153.87,$151.0475
09/08/2023,$151.72,240195,$151.38,$152.68,$149.44
09/07/2023,$151.52,248545,$153.10,$153.57,$149.58
09/06/2023,$153.90,193984,$156.76,$157.55,$153.505
09/05/2023,$156.49,278844,$157.68,$157.68,$154.23
09/01/2023,$160.52,182200,$161.85,$163.00,$160.33
08/31/2023,$160.77,423596,$158.22,$161.84,$157.34
08/30/2023,$158.35,257920,$159.20,$160.00,$156.97
08/29/2023,$157.46,303016,$155.76,$159.02,$154.59
08/28/2023,$155.58,303593,$156.00,$157.91,$153.562
08/25/2023,$156.78,553261,$159.37,$159.748,$151.95
08/24/2023,$158.91,878558,$160.51,$163.08,$158.45
08/23/2023,$162.99,1112162,$153.66,$163.88,$153.66
08/22/2023,$153.66,2107476,$153.82,$154.89,$143.573
08/21/2023,$116.78,565439,$117.95,$119.59,$116.63
08/18/2023,$117.85,261525,$114.84,$118.80,$114.84
08/17/2023,$116.23,194450,$117.38,$117.745,$115.21
08/16/2023,$116.58,410969,$118.51,$119.22,$114.83
08/15/2023,$121.08,128488,$121.33,$122.37,$120.19
08/14/2023,$121.87,270659,$121.60,$122.02,$119.76
08/11/2023,$121.99,186261,$121.17,$122.67,$121.17
08/10/2023,$121.74,274428,$124.15,$125.19,$120.625
08/09/2023,$124.51,150703,$124.11,$125.74,$123.36
08/08/2023,$124.60,278228,$126.18,$126.275,$122.86
08/07/2023,$126.83,227648,$126.52,$128.1345,$125.12
08/04/2023,$126.41,338615,$121.15,$127.16,$120.81
08/03/2023,$121.76,201272,$120.00,$122.12,$119.10
08/02/2023,$121.50,269257,$122.10,$123.47,$121.04
08/01/2023,$123.63,347415,$122.76,$123.64,$121.18
07/31/2023,$123.64,239132,$124.59,$125.00,$123.41
07/28/2023,$124.44,308654,$127.42,$127.49,$122.75
07/27/2023,$126.59,291964,$126.54,$127.80,$125.55
07/26/2023,$124.84,177472,$124.60,$125.60,$123.23
07/25/2023,$125.52,182654,$124.48,$126.42,$123.41
07/24/2023,$124.41,288929,$123.66,$125.10,$121.50
07/21/2023,$123.63,262324,$124.56,$124.99,$123.00
07/20/2023,$123.55,309425,$127.87,$128.395,$123.34
07/19/2023,$129.00,482962,$131.37,$131.37,$128.17
07/18/2023,$130.74,233919,$130.41,$131.455,$129.56
07/17/2023,$130.67,201043,$130.90,$133.00,$129.73
07/14/2023,$130.96,305902,$134.44,$134.55,$130.45
07/13/2023,$134.90,230955,$132.49,$134.95,$131.65
07/12/2023,$132.29,252258,$133.47,$134.08,$131.405
07/11/2023,$131.61,191485,$130.00,$132.00,$129.53
07/10/2023,$129.60,158918,$127.79,$130.32,$127.79
07/07/2023,$128.00,255423,$127.42,$130.85,$126.17
07/06/2023,$126.67,179125,$125.65,$126.77,$124.3573
07/05/2023,$126.99,157050,$127.61,$128.09,$126.18
07/03/2023,$128.86,90872,$129.25,$130.36,$126.875
06/30/2023,$129.88,323634,$129.89,$133.00,$128.02
06/29/2023,$128.52,203374,$126.82,$129.11,$125.08
06/28/2023,$125.55,184869,$124.85,$127.15,$124.73
06/27/2023,$126.35,222884,$124.41,$127.23,$124.03
06/26/2023,$124.27,200470,$123.95,$126.359,$123.95
06/23/2023,$124.16,337329,$124.77,$126.46,$123.57
06/22/2023,$127.21,317249,$127.81,$128.45,$125.72
06/21/2023,$128.08,275244,$128.02,$128.92,$125.29
06/20/2023,$129.23,361130,$129.41,$133.74,$128.54
06/16/2023,$129.00,674419,$130.98,$131.60,$127.60
06/15/2023,$129.11,370277,$128.58,$130.00,$127.05
06/14/2023,$129.58,498789,$129.35,$132.65,$128.90
06/13/2023,$129.75,695772,$128.34,$132.87,$127.10
06/12/2023,$126.64,933227,$116.31,$129.43,$116.31
06/09/2023,$113.02,191983,$112.09,$113.12,$111.82
06/08/2023,$112.10,184449,$111.46,$112.475,$111.05
06/07/2023,$112.41,393601,$110.76,$113.66,$110.48
06/06/2023,$109.94,436136,$111.00,$112.65,$109.07
06/05/2023,$112.05,223822,$113.80,$114.05,$108.5449
06/02/2023,$114.90,313529,$112.42,$115.16,$111.44
06/01/2023,$111.27,347181,$112.56,$113.01,$110.40
05/31/2023,$113.22,567298,$117.27,$118.40,$112.42
05/30/2023,$118.38,794246,$121.34,$122.01,$115.47
05/26/2023,$118.96,1514684,$104.96,$119.56,$104.96
05/25/2023,$105.17,1151539,$97.89,$105.59,$97.82
05/24/2023,$97.25,324378,$97.01,$98.13,$95.99
05/23/2023,$98.34,853177,$96.84,$100.42,$96.41
05/22/2023,$97.53,185064,$95.44,$97.58,$95.065
05/19/2023,$95.44,261516,$96.40,$96.705,$95.035
05/18/2023,$95.28,192340,$95.00,$95.90,$94.135
05/17/2023,$94.94,290767,$93.80,$95.56,$92.81
05/16/2023,$93.15,260839,$91.42,$93.465,$91.16
05/15/2023,$91.91,268137,$91.96,$92.535,$91.625
05/12/2023,$91.83,241042,$91.97,$92.39,$90.355
05/11/2023,$91.56,414594,$91.72,$92.23,$90.19
05/10/2023,$92.32,388371,$93.99,$94.05,$91.37
05/09/2023,$92.65,994625,$91.16,$96.89,$91.16
05/08/2023,$93.49,630919,$93.36,$94.03,$92.84
05/05/2023,$93.08,283887,$92.70,$93.83,$91.62
05/04/2023,$91.23,267902,$92.84,$93.10,$91.09
05/03/2023,$93.32,293173,$92.66,$95.43,$92.58
05/02/2023,$92.17,328244,$93.27,$93.93,$91.49
05/01/2023,$94.05,171873,$94.58,$96.01,$93.73
04/28/2023,$94.95,141270,$94.44,$95.03,$93.715
04/27/2023,$94.28,173993,$95.05,$95.05,$92.11
04/26/2023,$94.87,236405,$94.17,$95.495,$94.17
04/25/2023,$94.58,331678,$94.20,$95.59,$94.20
04/24/2023,$94.90,210686,$94.95,$95.65,$94.82
04/21/2023,$95.39,343529,$96.00,$97.02,$94.99
04/20/2023,$95.59,378052,$94.34,$95.78,$93.87
04/19/2023,$95.00,713483,$95.43,$95.49,$93.98
04/18/2023,$96.94,355565,$98.61,$99.40,$95.65
04/17/2023,$98.25,651197,$98.34,$99.01,$95.73
04/14/2023,$98.25,532990,$99.00,$99.535,$97.285
04/13/2023,$99.22,540343,$100.93,$100.93,$98.11
04/12/2023,$101.19,321200,$102.69,$103.43,$100.07
04/11/2023,$101.49,373662,$104.54,$104.90,$101.04
04/10/2023,$104.29,313187,$102.61,$104.84,$102.3266
04/06/2023,$102.62,933709,$106.90,$107.02,$100.00
04/05/2023,$112.29,158998,$113.21,$113.55,$111.705
04/04/2023,$113.75,78854,$116.85,$117.17,$112.79
04/03/2023,$116.36,179503,$118.47,$119.37,$113.74
03/31/2023,$118.76,377463,$115.27,$119.085,$115.27
03/30/2023,$114.98,142257,$114.75,$116.06,$114.705
03/29/2023,$113.62,159557,$113.46,$114.19,$112.465
03/28/2023,$112.34,104481,$112.67,$112.67,$110.06
03/27/2023,$112.77,183938,$111.74,$113.16,$110.60
03/24/2023,$110.82,192211,$109.97,$110.91,$108.69
03/23/2023,$110.52,199552,$112.50,$113.72,$109.72
03/22/2023,$111.95,174799,$114.11,$115.18,$111.90
03/21/2023,$114.24,286107,$115.88,$117.625,$114.16
03/20/2023,$114.40,255584,$111.63,$115.27,$111.63
03/17/2023,$110.92,976502,$112.67,$113.045,$109.985
03/16/2023,$113.24,515176,$112.07,$114.26,$110.26
03/15/2023,$113.44,311079,$116.70,$117.30,$112.85
03/14/2023,$119.40,131296,$118.36,$120.535,$117.71
03/13/2023,$115.75,181042,$116.19,$118.46,$115.71
03/10/2023,$118.06,152573,$120.18,$120.18,$116.66
03/09/2023,$120.59,143523,$121.81,$123.03,$120.33
03/08/2023,$121.41,104286,$120.18,$121.76,$119.15
03/07/2023,$119.71,157390,$121.55,$121.80,$118.56
03/06/2023,$121.19,353650,$121.97,$123.495,$120.99
03/03/2023,$122.14,212251,$121.96,$123.11,$120.78
03/02/2023,$120.97,210671,$119.58,$121.04,$118.515
03/01/2023,$121.11,161022,$122.06,$123.90,$120.48
02/28/2023,$121.87,232113,$121.45,$123.52,$121.45
02/27/2023,$122.00,118928,$121.09,$123.11,$120.1901
02/24/2023,$119.92,175421,$121.50,$121.60,$119.53
02/23/2023,$123.12,107583,$123.31,$123.64,$120.63
02/22/2023,$122.17,193146,$122.59,$123.57,$121.22
02/21/2023,$122.08,169981,$121.63,$124.7699,$121.4209
02/17/2023,$123.27,139459,$123.71,$123.915,$122.20
02/16/2023,$123.05,127019,$122.01,$124.59,$122.01
02/15/2023,$124.00,209807,$125.01,$125.67,$123.32
02/14/2023,$126.43,166890,$125.62,$128.07,$124.61
02/13/2023,$126.74,183541,$122.78,$127.28,$122.52
02/10/2023,$122.79,206692,$121.53,$124.27,$121.00
02/09/2023,$121.95,217927,$123.84,$125.12,$121.48
02/08/2023,$122.67,331047,$121.43,$125.92,$120.60
02/07/2023,$121.92,701221,$134.34,$137.75,$120.11
02/06/2023,$132.06,202903,$133.29,$134.54,$130.69
02/03/2023,$133.08,289642,$131.51,$135.57,$130.85
02/02/2023,$133.33,190472,$133.93,$135.35,$132.42
02/01/2023,$132.90,220332,$131.66,$134.27,$128.70
01/31/2023,$131.66,234785,$127.70,$131.81,$127.70
01/30/2023,$127.00,189068,$127.74,$129.00,$126.595
01/27/2023,$128.50,323312,$134.19,$134.46,$127.75
01/26/2023,$135.52,121454,$135.33,$136.0744,$132.82
01/25/2023,$135.15,183285,$135.75,$135.75,$133.33
01/24/2023,$137.34,129675,$136.04,$137.53,$134.76
01/23/2023,$136.70,119624,$134.75,$137.54,$134.75
01/20/2023,$134.25,201678,$132.75,$134.37,$130.01
01/19/2023,$131.77,187696,$134.60,$135.47,$131.245
01/18/2023,$135.24,109789,$137.84,$138.56,$134.57
01/17/2023,$137.82,125084,$138.46,$140.18,$137.6937
01/13/2023,$137.86,140315,$134.79,$138.01,$134.79
01/12/2023,$136.26,240368,$133.98,$136.26,$133.18
01/11/2023,$134.68,129591,$131.37,$134.68,$130.505
01/10/2023,$131.37,159846,$131.34,$131.56,$130.105
01/09/2023,$130.74,181175,$130.69,$132.975,$130.31
01/06/2023,$129.41,188566,$128.02,$130.66,$126.73
01/05/2023,$126.40,101528,$127.95,$128.905,$126.38
01/04/2023,$128.47,231403,$132.66,$134.82,$127.015
01/03/2023,$130.78,317330,$130.10,$133.53,$129.115
12/30/2022,$128.22,89389,$128.40,$128.525,$127.24
12/29/2022,$129.05,106454,$128.05,$129.82,$127.41
12/28/2022,$126.16,93662,$129.80,$130.74,$125.54
12/27/2022,$129.55,132824,$129.53,$130.61,$128.42
12/23/2022,$128.69,95497,$127.89,$129.44,$126.50
12/22/2022,$128.37,132539,$131.27,$131.27,$127.1801
12/21/2022,$132.01,149439,$131.09,$132.315,$130.415
12/20/2022,$130.02,227065,$125.55,$130.29,$125.28
12/19/2022,$124.62,139983,$125.25,$125.31,$122.79
12/16/2022,$125.16,464132,$124.21,$125.75,$123.20
12/15/2022,$125.31,163260,$128.78,$129.28,$125.12
12/14/2022,$130.24,162394,$132.67,$134.505,$129.53
12/13/2022,$132.67,159179,$135.27,$136.0807,$132.31
12/12/2022,$130.70,96050,$130.53,$131.79,$130.02
12/09/2022,$130.25,135594,$129.90,$131.435,$129.90
12/08/2022,$130.97,224642,$129.36,$131.91,$128.44
12/07/2022,$127.91,160635,$128.45,$129.54,$127.4934
12/06/2022,$129.45,189768,$130.75,$131.54,$129.185
12/05/2022,$130.64,135017,$132.09,$132.09,$129.52
12/02/2022,$132.61,130944,$131.40,$133.42,$130.83
12/01/2022,$133.61,163707,$133.93,$134.37,$131.51
11/30/2022,$133.41,367418,$126.86,$133.46,$126.35
11/29/2022,$127.21,158583,$127.41,$128.36,$127.015
11/28/2022,$127.99,199924,$129.07,$129.445,$127.39
11/25/2022,$129.74,66641,$129.50,$130.42,$129.00
11/23/2022,$129.51,165287,$129.13,$131.49,$128.30
11/22/2022,$129.35,114379,$128.03,$129.59,$127.70
11/21/2022,$128.19,143442,$129.01,$129.69,$127.86
11/18/2022,$129.78,199971,$129.44,$129.94,$127.77
11/17/2022,$128.22,182380,$125.46,$128.34,$125.335
11/16/2022,$126.93,181419,$125.96,$127.50,$125.38
11/15/2022,$126.65,170158,$126.74,$128.66,$124.84
11/14/2022,$124.55,147528,$125.06,$126.74,$122.33
11/11/2022,$126.42,279998,$125.79,$128.26,$125.53
11/10/2022,$125.39,269192,$118.22,$125.39,$118.22
11/09/2022,$117.18,319713,$121.00,$121.93,$115.84
11/08/2022,$121.92,794933,$115.00,$123.64,$114.73
11/07/2022,$111.39,226301,$113.04,$113.04,$110.3618
11/04/2022,$112.28,157461,$114.82,$114.82,$110.43
11/03/2022,$113.50,170440,$111.30,$114.10,$110.26
11/02/2022,$113.20,231968,$115.41,$118.05,$113.00
11/01/2022,$116.27,185330,$115.68,$116.44,$112.25
10/31/2022,$114.40,201549,$113.34,$115.605,$112.2573
10/28/2022,$113.65,166707,$112.75,$114.98,$112.75
10/27/2022,$112.36,117468,$112.77,$113.78,$111.58
10/26/2022,$111.93,219056,$112.58,$115.712,$111.93
10/25/2022,$113.11,362778,$107.64,$113.51,$107.45
10/24/2022,$108.05,208913,$106.53,$108.39,$105.42
10/21/2022,$106.50,164157,$102.32,$106.64,$101.46
10/20/2022,$101.74,244205,$99.86,$103.35,$99.4262
10/19/2022,$99.69,209657,$100.36,$101.27,$98.58
10/18/2022,$101.67,171205,$102.78,$104.11,$101.06
10/17/2022,$100.61,154442,$99.34,$101.08,$98.79
10/14/2022,$97.31,129774,$102.28,$102.28,$97.185
10/13/2022,$100.68,197597,$97.06,$101.615,$96.57
10/12/2022,$99.34,138029,$101.31,$101.31,$99.34
10/11/2022,$100.56,220685,$102.37,$103.48,$100.40
10/10/2022,$102.86,113783,$105.51,$105.525,$102.04
10/07/2022,$104.66,225660,$105.91,$106.13,$103.57
10/06/2022,$107.35,224684,$105.06,$107.68,$105.06
10/05/2022,$105.06,244885,$99.93,$105.30,$99.93
10/04/2022,$101.43,176180,$100.19,$102.59,$100.00
10/03/2022,$97.87,168863,$96.58,$98.47,$95.31
09/30/2022,$95.45,298894,$95.34,$98.40,$95.33
09/29/2022,$94.95,137772,$95.09,$95.175,$93.69
09/28/2022,$96.48,226961,$93.91,$97.08,$93.34
09/27/2022,$93.68,232577,$92.59,$93.72,$91.49
09/26/2022,$91.08,211212,$92.25,$93.62,$90.62
09/23/2022,$92.21,193052,$92.87,$93.52,$90.66
09/22/2022,$94.09,119777,$96.00,$96.00,$93.52
09/21/2022,$96.50,106755,$98.35,$99.44,$96.45
09/20/2022,$97.31,138324,$98.23,$98.98,$96.32
09/19/2022,$98.91,180915,$97.58,$99.42,$97.29
09/16/2022,$98.62,336904,$99.44,$99.44,$96.66
09/15/2022,$100.48,276013,$101.80,$103.07,$100.10
09/14/2022,$102.79,262499,$101.08,$102.88,$100.25
09/13/2022,$101.00,161849,$102.04,$102.55,$100.09
09/12/2022,$104.60,99844,$103.05,$104.82,$102.62
09/09/2022,$102.23,140330,$101.00,$103.11,$100.15
09/08/2022,$100.71,187490,$98.23,$100.71,$97.40
09/07/2022,$99.36,153905,$98.55,$99.55,$97.285
09/06/2022,$98.04,269933,$97.99,$98.93,$97.205
09/02/2022,$97.86,169817,$100.46,$100.46,$97.60
09/01/2022,$99.03,182548,$101.01,$101.445,$97.69
08/31/2022,$102.84,180665,$104.47,$104.47,$102.76
08/30/2022,$104.09,149312,$106.21,$106.21,$103.47
08/29/2022,$105.31,169611,$105.81,$107.64,$105.23
08/26/2022,$107.34,128633,$111.20,$111.41,$107.34
08/25/2022,$111.59,132767,$107.53,$111.68,$107.52
08/24/2022,$107.82,137358,$107.28,$108.535,$107.05
08/23/2022,$107.94,244241,$111.42,$112.65,$107.77
08/22/2022,$112.42,171789,$112.50,$113.30,$111.78
08/19/2022,$113.55,143623,$116.40,$116.40,$113.22
08/18/2022,$117.35,224702,$113.76,$118.88,$113.715
08/17/2022,$114.01,347192,$114.55,$116.7699,$113.45
08/16/2022,$115.75,689363,$113.50,$117.84,$111.18
08/15/2022,$100.71,223970,$99.59,$101.765,$98.98
08/12/2022,$100.66,98170,$98.66,$100.80,$98.50
08/11/2022,$97.99,98600,$97.75,$99.01,$97.29
08/10/2022,$97.54,161891,$96.21,$98.56,$95.44
08/09/2022,$94.00,145581,$96.16,$96.16,$93.32
08/08/2022,$96.17,153796,$96.99,$97.99,$95.05
08/05/2022,$96.99,174421,$96.59,$98.06,$95.97
08/04/2022,$97.77,105751,$97.27,$98.02,$96.39
08/03/2022,$96.84,213290,$96.56,$97.30,$94.93
08/02/2022,$96.40,121528,$94.68,$96.97,$94.39
08/01/2022,$95.72,133842,$94.87,$96.44,$94.35
07/29/2022,$96.06,195562,$93.83,$96.14,$91.895
07/28/2022,$93.99,178621,$92.14,$94.30,$91.38
07/27/2022,$91.92,131025,$90.16,$92.71,$89.875
07/26/2022,$89.53,135987,$87.74,$89.80,$87.35
07/25/2022,$88.02,126932,$88.17,$88.35,$86.965
07/22/2022,$88.59,118806,$90.17,$90.72,$87.51
07/21/2022,$90.26,172222,$87.93,$90.29,$87.87
07/20/2022,$87.41,269655,$86.00,$87.54,$85.51
07/19/2022,$86.22,177411,$83.83,$87.18,$83.83
07/18/2022,$82.51,78088,$83.95,$84.45,$81.94
07/15/2022,$83.41,106113,$82.87,$83.60,$81.48
07/14/2022,$81.71,144298,$79.68,$81.77,$78.54
07/13/2022,$81.50,145023,$81.57,$82.87,$80.61
07/12/2022,$82.77,134015,$82.23,$83.98,$82.23
07/11/2022,$82.16,64721,$81.90,$82.65,$81.44
07/08/2022,$82.83,86604,$81.82,$82.85,$81.62
07/07/2022,$82.61,67779,$81.27,$83.085,$81.27
07/06/2022,$80.83,114088,$81.62,$82.155,$79.78
07/05/2022,$81.52,207144,$79.52,$81.61,$77.67
07/01/2022,$81.00,261774,$80.32,$81.915,$78.97
06/30/2022,$81.10,184719,$80.58,$82.47,$79.93
06/29/2022,$81.93,191905,$81.36,$81.95,$79.96
06/28/2022,$81.03,136385,$83.99,$83.99,$80.831
06/27/2022,$83.07,169231,$83.57,$84.35,$81.78
06/24/2022,$83.21,649654,$79.20,$83.40,$78.82
06/23/2022,$78.47,116898,$78.48,$78.89,$77.645
06/22/2022,$78.20,199177,$77.80,$79.41,$77.19
06/21/2022,$79.05,211127,$77.68,$79.42,$77.49
06/17/2022,$75.91,297703,$76.27,$77.44,$75.56
06/16/2022,$75.50,184578,$78.27,$78.27,$74.57
06/15/2022,$80.31,192647,$79.74,$81.6041,$78.99
06/14/2022,$79.23,171859,$79.58,$80.74,$78.04
06/13/2022,$79.54,219220,$80.71,$81.115,$78.92
06/10/2022,$82.97,106497,$84.72,$84.94,$82.88
06/09/2022,$86.04,142091,$87.27,$88.16,$86.03
06/08/2022,$88.00,144429,$88.20,$88.94,$87.78
06/07/2022,$88.62,264115,$87.26,$88.87,$86.895
06/06/2022,$87.90,291003,$87.77,$88.47,$87.40
06/03/2022,$87.21,186386,$87.28,$87.80,$85.96
06/02/2022,$88.19,138673,$85.82,$88.285,$85.65
06/01/2022,$86.34,195186,$87.31,$87.68,$85.785
05/31/2022,$86.87,149965,$87.32,$87.92,$86.34
05/27/2022,$87.67,105238,$87.06,$87.88,$86.79
05/26/2022,$86.00,243476,$83.23,$86.18,$83.23
05/25/2022,$83.22,112188,$82.01,$83.6382,$81.71
05/24/2022,$82.46,160910,$83.61,$83.93,$80.11
05/23/2022,$84.27,156474,$85.16,$85.7294,$83.37
05/20/2022,$84.10,263004,$84.47,$84.63,$82.29
05/19/2022,$83.44,188304,$84.84,$86.35,$82.94
05/18/2022,$85.96,287995,$88.28,$89.6358,$85.01
05/17/2022,$90.04,163663,$90.33,$91.46,$89.58
05/16/2022,$88.41,100159,$89.87,$90.84,$88.13
05/13/2022,$90.74,232136,$87.97,$91.43,$87.73
05/12/2022,$87.00,239628,$87.76,$88.14,$86.07
05/11/2022,$87.75,197795,$87.42,$90.00,$86.62
05/10/2022,$86.90,187797,$87.45,$88.72,$85.38
05/09/2022,$85.72,248005,$88.15,$88.80,$85.18
05/06/2022,$89.36,296109,$89.15,$91.06,$87.43
05/05/2022,$89.46,432086,$92.69,$93.29,$88.88
05/04/2022,$94.05,481256,$94.36,$95.76,$91.90
05/03/2022,$93.63,615459,$92.83,$94.27,$88.28
05/02/2022,$99.42,248114,$97.84,$99.68,$96.20
04/29/2022,$98.19,136764,$100.24,$102.46,$97.90
04/28/2022,$100.73,165394,$98.87,$101.17,$97.38
04/27/2022,$97.25,181711,$96.96,$98.885,$95.64
04/26/2022,$96.72,163072,$99.70,$101.19,$95.83
04/25/2022,$99.55,123577,$97.46,$99.66,$96.43
04/22/2022,$97.66,91321,$100.23,$100.81,$97.55
04/21/2022,$100.87,112866,$104.20,$104.70,$100.76
04/20/2022,$102.76,171919,$101.31,$103.30,$100.27
04/19/2022,$99.73,192465,$97.40,$100.01,$97.00
04/18/2022,$96.61,268484,$95.23,$97.16,$94.87
04/14/2022,$95.41,125951,$98.11,$98.47,$95.40
04/13/2022,$97.74,165493,$97.50,$98.03,$97.06
04/12/2022,$96.81,177037,$97.89,$99.27,$96.52
04/11/2022,$96.49,122293,$98.04,$99.34,$96.47
04/08/2022,$98.25,142260,$100.76,$101.78,$97.89
04/07/2022,$101.03,99918,$101.10,$102.60,$100.53
04/06/2022,$101.47,158886,$102.21,$102.66,$100.26
04/05/2022,$104.39,142800,$106.97,$108.3307,$104.27
04/04/2022,$107.60,130007,$107.38,$108.37,$105.855
04/01/2022,$107.44,151034,$105.53,$107.65,$104.45
03/31/2022,$105.13,166895,$104.72,$106.0708,$104.61
03/30/2022,$105.30,121564,$106.68,$107.79,$105.04
03/29/2022,$107.50,171676,$104.49,$107.96,$103.99
03/28/2022,$102.97,105840,$104.53,$105.37,$101.88
03/25/2022,$105.18,93543,$105.67,$105.80,$104.075
03/24/2022,$105.59,98523,$104.27,$105.60,$103.28
03/23/2022,$103.29,88335,$104.06,$104.81,$102.62
03/22/2022,$104.67,107027,$104.84,$105.25,$103.60
03/21/2022,$104.11,111407,$104.59,$106.1699,$102.89
03/18/2022,$105.09,350575,$103.35,$105.12,$102.43
03/17/2022,$103.45,98751,$101.57,$104.47,$101.57
03/16/2022,$102.30,151058,$99.18,$102.54,$99.18
03/15/2022,$98.01,102101,$97.45,$98.03,$96.29
03/14/2022,$96.39,173051,$96.64,$97.33,$95.166
03/11/2022,$96.97,91049,$99.185,$99.205,$96.80
03/10/2022,$98.34,140422,$96.38,$98.95,$95.88
03/09/2022,$98.39,116008,$96.76,$98.68,$95.74
03/08/2022,$94.93,123010,$95.25,$97.458,$94.53
03/07/2022,$94.57,273989,$96.35,$96.35,$93.58
03/04/2022,$96.05,193892,$97.50,$98.77,$95.225
03/03/2022,$98.80,179154,$100.09,$100.27,$98.0795
03/02/2022,$100.35,122723,$98.36,$101.69,$98.36
03/01/2022,$97.39,167502,$99.81,$101.06,$96.53
02/28/2022,$100.13,165244,$99.63,$101.28,$99.18
02/25/2022,$101.10,116165,$99.72,$101.40,$99.36
02/24/2022,$99.96,203976,$95.89,$100.12,$95.23
02/23/2022,$98.54,110128,$100.53,$100.53,$98.31
02/22/2022,$99.75,143502,$101.37,$102.63,$99.00
02/18/2022,$101.79,283215,$101.27,$103.00,$100.45
02/17/2022,$101.86,176214,$102.60,$102.61,$100.67
02/16/2022,$103.96,154595,$101.50,$104.03,$100.63
02/15/2022,$102.04,209570,$100.54,$102.20,$99.24
02/14/2022,$99.50,209599,$101.02,$101.81,$98.70
02/11/2022,$100.52,116722,$102.91,$103.50,$99.55
02/10/2022,$102.56,194856,$100.84,$103.785,$100.42
02/09/2022,$103.71,178752,$101.97,$103.77,$100.72
02/08/2022,$100.83,147014,$97.51,$101.16,$96.85
02/07/2022,$97.58,158435,$99.49,$101.0571,$97.07
02/04/2022,$99.72,160523,$99.90,$100.47,$97.54
02/03/2022,$100.96,261646,$99.66,$102.15,$99.6549
02/02/2022,$101.47,594226,$101.76,$102.92,$99.79
02/01/2022,$101.62,1080501,$107.21,$108.845,$101.02
01/31/2022,$113.16,259033,$108.44,$113.37,$107.86
01/28/2022,$109.40,234293,$105.78,$109.48,$103.395
01/27/2022,$105.40,176838,$105.62,$108.01,$105.265
01/26/2022,$106.22,168733,$109.27,$110.28,$104.86
01/25/2022,$107.69,462371,$113.10,$113.67,$107.44
01/24/2022,$114.94,340596,$110.92,$115.31,$108.56
01/21/2022,$112.71,416402,$111.99,$114.93,$110.9952
01/20/2022,$111.99,375810,$112.31,$114.59,$111.22
01/19/2022,$111.01,270335,$113.97,$115.40,$109.76
01/18/2022,$113.96,143499,$117.05,$117.05,$113.78
01/14/2022,$118.10,132403,$117.28,$118.43,$116.38
01/13/2022,$118.00,85383,$121.05,$121.31,$117.50
01/12/2022,$120.11,153939,$120.45,$121.14,$119.265
01/11/2022,$119.92,210629,$119.50,$120.84,$116.93
01/10/2022,$119.59,146553,$119.27,$119.7994,$117.1459
01/07/2022,$120.62,498269,$119.69,$122.08,$118.00
01/06/2022,$120.11,236030,$117.45,$121.01,$115.66
01/05/2022,$119.51,115981,$124.63,$126.2799,$119.335
01/04/2022,$123.17,133051,$121.84,$124.85,$120.36
01/03/2022,$121.73,136654,$119.38,$121.75,$118.24
12/31/2021,$118.47,106776,$118.45,$119.66,$118.26
12/30/2021,$118.84,120488,$122.25,$122.42,$118.81
12/29/2021,$121.82,59553,$121.12,$122.35,$120.44
12/28/2021,$120.48,84148,$122.12,$122.47,$119.56
12/27/2021,$122.03,121328,$118.85,$122.17,$115.53
12/23/2021,$118.02,97865,$117.43,$118.84,$117.40
12/22/2021,$117.46,78536,$116.77,$117.7378,$115.97
12/21/2021,$116.26,93507,$114.80,$116.58,$114.144
12/20/2021,$113.77,158604,$113.76,$114.50,$112.03
12/17/2021,$114.93,670098,$114.15,$116.32,$113.60
12/16/2021,$115.05,144585,$120.36,$120.59,$114.14
12/15/2021,$119.87,159441,$117.10,$120.18,$115.69
12/14/2021,$117.39,162517,$116.12,$117.51,$113.50
12/13/2021,$116.43,125557,$114.45,$117.63,$113.58
12/10/2021,$114.39,148413,$115.93,$116.79,$113.49
12/09/2021,$114.53,178394,$116.21,$116.86,$114.20
12/08/2021,$116.60,157871,$118.62,$119.43,$116.44
12/07/2021,$118.40,135745,$117.00,$119.18,$116.36
12/06/2021,$116.02,87547,$115.71,$116.76,$114.04
12/03/2021,$114.45,269163,$118.35,$118.35,$113.36
12/02/2021,$117.68,198665,$113.04,$118.18,$113.04
12/01/2021,$114.35,310689,$111.95,$115.79,$111.95
11/30/2021,$110.56,170542,$109.70,$111.27,$107.91
11/29/2021,$110.52,95935,$112.32,$112.48,$110.00
11/26/2021,$110.70,84932,$111.09,$112.67,$108.99
11/24/2021,$114.36,98763,$114.14,$115.50,$113.23
11/23/2021,$115.85,124710,$116.31,$116.31,$114.31
11/22/2021,$115.91,104477,$115.98,$119.41,$115.62
11/19/2021,$115.59,159332,$115.08,$116.995,$115.0098
11/18/2021,$115.79,143214,$117.42,$117.45,$115.0401
11/17/2021,$117.45,133321,$117.45,$119.08,$115.36
11/16/2021,$118.16,134269,$118.38,$119.45,$117.41
11/15/2021,$118.99,145767,$121.74,$122.15,$118.41
11/12/2021,$121.25,82309,$120.14,$121.86,$119.12
11/11/2021,$120.32,81686,$118.27,$120.92,$118.27
11/10/2021,$118.11,115019,$118.25,$119.54,$117.13
11/09/2021,$119.22,141116,$119.32,$120.21,$118.59
11/08/2021,$119.61,226232,$121.00,$122.53,$119.10
11/05/2021,$120.42,201361,$118.00,$120.92,$117.09
11/04/2021,$116.86,234031,$115.01,$118.80,$113.21
11/03/2021,$115.23,261241,$111.18,$115.92,$109.70
11/02/2021,$111.21,475353,$115.00,$115.53,$106.40
11/01/2021,$98.28,253281,$96.30,$99.31,$96.30
10/29/2021,$96.00,187287,$96.24,$97.47,$95.79
10/28/2021,$96.55,128813,$94.80,$96.63,$94.80
10/27/2021,$94.62,156233,$95.75,$96.08,$94.37
10/26/2021,$96.16,147765,$97.41,$98.086,$96.02
10/25/2021,$97.06,201999,$96.40,$98.39,$95.11
10/22/2021,$96.40,108668,$98.98,$99.15,$95.96
10/21/2021,$98.99,107035,$98.99,$99.27,$98.00
10/20/2021,$98.80,80146,$98.15,$99.07,$98.02
10/19/2021,$97.99,97219,$99.24,$100.09,$97.91
10/18/2021,$98.81,354189,$98.57,$99.20,$96.631
10/15/2021,$98.18,185807,$103.08,$103.08,$98.17
10/14/2021,$101.72,150962,$101.24,$102.535,$100.76
10/13/2021,$100.26,79955,$100.77,$101.30,$99.51
10/12/2021,$100.49,100019,$102.21,$102.21,$100.49
10/11/2021,$101.69,53648,$100.25,$102.67,$100.25
10/08/2021,$100.94,110814,$101.80,$101.80,$100.25
10/07/2021,$101.71,182608,$101.15,$103.20,$100.62
10/06/2021,$100.35,229503,$103.80,$104.38,$99.84
10/05/2021,$104.74,87493,$103.21,$105.51,$102.99
10/04/2021,$103.10,97708,$104.07,$104.65,$102.41
10/01/2021,$104.63,186931,$103.26,$105.84,$102.25
09/30/2021,$102.51,170222,$104.33,$105.35,$101.07
09/29/2021,$103.21,193261,$106.43,$107.60,$102.65
09/28/2021,$106.53,103830,$108.13,$108.81,$106.17
09/27/2021,$108.81,116770,$106.57,$109.56,$106.50
09/24/2021,$106.45,103847,$105.81,$106.87,$105.51
09/23/2021,$106.27,74015,$104.86,$106.88,$104.52
09/22/2021,$103.82,102539,$103.28,$104.25,$102.84
09/21/2021,$102.54,64687,$103.54,$103.54,$101.77
09/20/2021,$102.49,150139,$103.71,$104.225,$101.00
09/17/2021,$105.36,499967,$106.96,$107.66,$105.16
09/16/2021,$106.68,206996,$106.90,$107.33,$105.775
09/15/2021,$106.90,137560,$106.58,$107.74,$105.20
09/14/2021,$106.13,113839,$106.68,$107.69,$105.30
09/13/2021,$106.21,96660,$104.01,$106.43,$103.1475
09/10/2021,$103.49,100914,$106.24,$106.38,$103.22
09/09/2021,$105.25,123321,$105.40,$106.9669,$104.78
09/08/2021,$105.02,99335,$104.15,$105.15,$103.325
09/07/2021,$104.65,114704,$104.72,$106.45,$103.91
09/03/2021,$105.00,143278,$104.48,$106.43,$104.19
09/02/2021,$105.11,164566,$103.73,$105.26,$102.83
09/01/2021,$103.73,106953,$103.24,$104.00,$101.9401
08/31/2021,$103.02,170548,$104.00,$104.00,$101.38
08/30/2021,$103.75,157264,$101.67,$103.99,$100.93
08/27/2021,$101.35,182302,$98.41,$102.00,$98.16
08/26/2021,$97.87,173123,$97.65,$98.48,$96.95
08/25/2021,$98.08,213769,$99.44,$99.48,$97.74
08/24/2021,$99.81,281277,$99.00,$100.51,$99.00
08/23/2021,$99.01,310435,$104.81,$105.275,$98.88
08/20/2021,$104.05,254432,$101.10,$104.05,$100.06
08/19/2021,$101.05,271233,$97.65,$101.27,$97.08
08/18/2021,$98.77,213099,$96.46,$99.66,$96.08
08/17/2021,$96.46,322022,$94.78,$96.57,$92.86
08/16/2021,$89.50,136094,$90.60,$90.93,$89.40
08/13/2021,$90.68,98212,$91.47,$91.47,$90.16
08/12/2021,$91.86,95189,$93.18,$93.98,$91.77
08/11/2021,$92.78,66640,$93.55,$93.55,$92.07
08/10/2021,$93.22,64208,$93.89,$93.89,$92.51
08/09/2021,$93.41,57996,$93.29,$93.86,$92.535
08/06/2021,$93.44,111574,$93.49,$94.62,$92.82
08/05/2021,$92.99,59382,$93.35,$93.845,$92.60
08/04/2021,$92.70,81673,$92.02,$93.01,$92.00
08/03/2021,$93.02,142980,$93.25,$93.88,$91.99
08/02/2021,$93.34,86308,$94.82,$96.04,$93.15
07/30/2021,$94.52,91264,$93.17,$94.63,$92.90
07/29/2021,$93.59,66310,$93.00,$94.20,$91.96
07/28/2021,$92.06,152119,$90.16,$92.83,$90.04
07/27/2021,$90.29,73153,$92.00,$92.00,$88.29
07/26/2021,$92.63,79081,$92.73,$94.27,$92.16
07/23/2021,$92.22,81024,$91.32,$92.3612,$90.69
07/22/2021,$91.44,186900,$93.81,$94.38,$91.16
07/21/2021,$93.95,96602,$92.29,$94.10,$92.29
07/20/2021,$92.02,169820,$90.35,$93.25,$90.35
07/19/2021,$89.85,126052,$89.69,$91.17,$89.13
07/16/2021,$90.34,100400,$92.29,$92.29,$90.22
07/15/2021,$91.31,77494,$92.33,$92.35,$90.20
07/14/2021,$92.72,88033,$93.81,$94.71,$92.55
07/13/2021,$93.01,88096,$92.38,$93.03,$91.74
07/12/2021,$93.14,115123,$93.22,$93.35,$91.87
07/09/2021,$92.81,75758,$92.09,$93.03,$91.56
07/08/2021,$91.28,155914,$89.55,$92.42,$89.43
07/07/2021,$91.51,174397,$92.87,$93.72,$90.92
07/06/2021,$92.83,281377,$95.33,$95.33,$92.58
07/02/2021,$95.33,80508,$96.31,$96.44,$95.04
07/01/2021,$95.90,81552,$96.57,$96.57,$95.515
06/30/2021,$95.87,97852,$96.47,$96.54,$95.86
06/29/2021,$96.67,62075,$96.27,$97.04,$96.11
06/28/2021,$95.97,109414,$95.34,$96.21,$95.11
06/25/2021,$95.29,516787,$95.32,$96.03,$95.09
06/24/2021,$95.05,100808,$93.98,$95.25,$93.42
06/23/2021,$93.32,105963,$93.75,$94.19,$93.06
06/22/2021,$93.40,84787,$93.29,$93.76,$92.62
06/21/2021,$93.76,155150,$91.80,$94.335,$91.25
06/18/2021,$91.17,290004,$92.60,$92.60,$90.60
06/17/2021,$93.90,152166,$94.26,$94.70,$93.12
06/16/2021,$94.18,122883,$94.61,$94.92,$92.9301
06/15/2021,$94.29,126681,$94.72,$95.08,$93.77
06/14/2021,$94.56,126122,$93.96,$95.16,$93.96
06/11/2021,$94.09,133222,$94.50,$94.875,$93.45
06/10/2021,$93.96,115748,$94.64,$94.9344,$93.54
06/09/2021,$94.34,103942,$95.66,$95.95,$93.94
06/08/2021,$95.43,114486,$94.86,$95.83,$94.485
06/07/2021,$94.08,108613,$93.76,$94.59,$93.04
06/04/2021,$93.65,139426,$92.26,$93.93,$91.97
06/03/2021,$91.85,142640,$90.39,$91.88,$89.84
06/02/2021,$90.88,170899,$90.82,$91.195,$89.57
06/01/2021,$90.32,175738,$90.17,$90.655,$89.48
05/28/2021,$89.69,162762,$89.34,$90.13,$89.01
05/27/2021,$89.00,265423,$87.65,$89.01,$87.4201
05/26/2021,$87.63,139085,$85.88,$87.78,$85.34
05/25/2021,$85.58,167329,$86.31,$87.66,$85.18
05/24/2021,$86.12,141378,$85.39,$87.08,$85.39
05/21/2021,$84.83,135344,$84.94,$86.05,$84.415
05/20/2021,$84.50,143513,$83.68,$84.55,$83.21
05/19/2021,$83.50,191695,$79.60,$83.7825,$79.60
05/18/2021,$81.01,144196,$81.58,$82.86,$81.01
05/17/2021,$81.50,125957,$80.85,$81.7589,$80.52
05/14/2021,$81.71,184393,$79.70,$82.1051,$79.00
05/13/2021,$78.70,402214,$78.03,$79.46,$77.71
05/12/2021,$77.50,202873,$80.92,$81.87,$77.30
05/11/2021,$82.04,195987,$81.52,$83.18,$81.059
05/10/2021,$82.92,155825,$84.81,$85.25,$82.81
05/07/2021,$85.25,102007,$86.43,$86.50,$84.68
05/06/2021,$86.23,164654,$85.42,$86.795,$85.16
05/05/2021,$85.86,95381,$85.60,$86.745,$84.66
05/04/2021,$84.94,343691,$82.52,$85.69,$82.00
05/03/2021,$86.11,270767,$86.48,$87.03,$85.26
04/30/2021,$85.62,209556,$90.83,$90.83,$85.475
04/29/2021,$91.95,141870,$92.72,$93.31,$91.10
04/28/2021,$92.15,79651,$91.92,$92.20,$91.28
04/27/2021,$92.28,105834,$91.64,$92.555,$91.25
04/26/2021,$92.11,90664,$91.71,$92.16,$90.85
04/23/2021,$91.16,99848,$89.50,$91.98,$89.50
04/22/2021,$89.08,174988,$89.48,$90.17,$88.40
04/21/2021,$88.80,95689,$87.75,$89.22,$87.75
04/20/2021,$87.67,148847,$88.74,$89.5485,$86.83
04/19/2021,$88.87,114475,$88.74,$89.00,$87.21
04/16/2021,$89.40,84448,$90.42,$90.42,$89.08
04/15/2021,$89.93,53603,$89.54,$90.05,$88.9841
04/14/2021,$88.49,87486,$88.47,$89.40,$87.77
04/13/2021,$88.35,96386,$89.04,$89.81,$87.85
04/12/2021,$89.09,68667,$89.44,$90.07,$88.50
04/09/2021,$89.43,76050,$89.05,$89.74,$88.32
04/08/2021,$89.12,140904,$89.20,$89.60,$88.29
04/07/2021,$88.53,83115,$90.24,$90.60,$88.23
04/06/2021,$90.52,90593,$92.73,$93.49,$90.385
04/05/2021,$92.73,119209,$92.25,$93.44,$91.68
04/01/2021,$91.36,186832,$90.93,$91.91,$90.42
03/31/2021,$90.39,290445,$90.00,$91.87,$89.96
03/30/2021,$89.56,120849,$88.52,$89.58,$87.92
03/29/2021,$88.84,191231,$90.19,$92.13,$88.72
03/26/2021,$90.82,161106,$85.62,$90.96,$85.62
03/25/2021,$85.38,158929,$84.83,$86.07,$83.66
03/24/2021,$85.53,256100,$86.23,$87.69,$85.51
03/23/2021,$85.30,126899,$86.93,$87.76,$84.69
03/22/2021,$87.80,152862,$89.41,$89.665,$87.64
03/19/2021,$89.46,549932,$91.17,$91.48,$89.37
03/18/2021,$90.83,202289,$91.40,$93.42,$90.42
03/17/2021,$92.50,132508,$93.23,$93.23,$91.55
03/16/2021,$93.48,106920,$93.29,$94.25,$92.63
03/15/2021,$93.12,122217,$92.43,$93.33,$91.58
03/12/2021,$92.93,115596,$91.97,$93.25,$91.41
03/11/2021,$92.05,162278,$89.81,$92.23,$89.39
03/10/2021,$88.32,105717,$88.08,$88.71,$87.42
03/09/2021,$86.85,129089,$87.45,$87.99,$86.60
03/08/2021,$85.92,118537,$87.22,$87.95,$85.83
03/05/2021,$86.95,244322,$86.26,$87.22,$84.72
03/04/2021,$85.13,182330,$87.01,$87.83,$84.40
03/03/2021,$87.39,138156,$89.08,$89.40,$87.01
03/02/2021,$89.38,274215,$91.61,$91.95,$89.0809
03/01/2021,$91.66,182418,$90.10,$91.68,$89.22
02/26/2021,$88.33,188448,$88.21,$89.17,$86.725
02/25/2021,$87.89,224511,$89.31,$90.04,$87.66
02/24/2021,$90.16,114869,$88.23,$90.33,$88.23
02/23/2021,$88.12,194971,$87.64,$88.69,$86.50
02/22/2021,$88.72,142711,$87.21,$89.81,$86.7675
02/19/2021,$88.14,150745,$86.94,$88.70,$86.53
02/18/2021,$86.63,179497,$85.85,$87.01,$85.065
02/17/2021,$86.16,136313,$86.54,$88.21,$86.01
02/16/2021,$87.40,122045,$88.50,$88.74,$87.00
02/12/2021,$87.80,84885,$88.13,$89.00,$87.39
02/11/2021,$88.40,153152,$87.33,$88.78,$87.21
02/10/2021,$87.08,126070,$88.44,$89.35,$86.66
02/09/2021,$88.24,120267,$89.80,$89.80,$88.13
02/08/2021,$89.89,178631,$89.26,$90.61,$88.90
02/05/2021,$89.26,200600,$87.61,$89.46,$86.83
02/04/2021,$87.47,222563,$84.00,$87.61,$83.39
02/03/2021,$84.10,245550,$83.33,$84.33,$81.30
02/02/2021,$83.77,436035,$87.95,$90.00,$82.46
02/01/2021,$80.78,153407,$79.59,$80.9218,$78.83
01/29/2021,$78.94,195338,$79.98,$80.78,$78.44
01/28/2021,$80.28,150309,$81.63,$81.82,$80.00
01/27/2021,$80.72,173313,$81.60,$82.7498,$79.59
01/26/2021,$83.04,130501,$85.50,$87.02,$82.56
01/25/2021,$85.53,170484,$85.77,$87.235,$84.79
01/22/2021,$85.82,134155,$84.19,$86.20,$83.98
01/21/2021,$85.09,139847,$85.39,$86.55,$84.11
01/20/2021,$84.56,140585,$85.78,$86.99,$84.02
01/19/2021,$85.33,244651,$84.29,$86.57,$84.29
01/15/2021,$82.57,238999,$84.24,$84.685,$82.47
01/14/2021,$85.53,185979,$83.25,$87.28,$82.92
01/13/2021,$83.05,104957,$84.04,$84.315,$82.80
01/12/2021,$84.05,167620,$85.70,$87.06,$83.55
01/11/2021,$84.58,106184,$82.38,$84.66,$82.38
01/08/2021,$83.65,97949,$83.79,$84.07,$82.57
01/07/2021,$83.00,122069,$81.82,$83.14,$80.78
01/06/2021,$81.82,234158,$81.19,$82.30,$80.66
01/05/2021,$80.45,168561,$77.22,$80.95,$77.22
01/04/2021,$77.52,140525,$78.12,$78.45,$75.7242
12/31/2020,$77.59,128682,$76.79,$77.96,$76.19
12/30/2020,$76.49,66852,$75.65,$77.13,$75.65
12/29/2020,$75.55,99347,$78.26,$78.26,$75.00
12/28/2020,$77.86,119630,$76.88,$78.32,$76.655
12/24/2020,$76.05,121244,$76.93,$77.36,$75.31
12/23/2020,$76.76,95153,$76.29,$77.05,$76.05
12/22/2020,$75.99,142274,$74.61,$76.94,$74.49
12/21/2020,$74.43,167391,$75.15,$75.55,$72.98
12/18/2020,$76.46,808726,$76.75,$78.47,$76.21
12/17/2020,$76.44,239219,$73.37,$76.56,$73.035
12/16/2020,$72.69,212900,$72.00,$72.935,$71.515
12/15/2020,$71.77,226018,$70.57,$71.99,$69.60
12/14/2020,$69.77,273277,$69.19,$70.29,$69.19
12/11/2020,$68.39,176984,$68.81,$68.9783,$67.737
12/10/2020,$69.20,130665,$69.01,$69.70,$68.65
12/09/2020,$69.32,163449,$71.81,$71.9479,$69.03
12/08/2020,$71.81,145794,$71.07,$72.29,$71.07
12/07/2020,$71.49,128351,$69.80,$71.56,$69.59
12/04/2020,$69.76,135531,$69.06,$69.88,$68.835
12/03/2020,$68.57,108060,$69.50,$69.82,$68.45
12/02/2020,$69.30,148587,$68.99,$69.46,$68.25
12/01/2020,$68.97,186734,$68.99,$69.33,$68.26
11/30/2020,$68.31,181458,$68.95,$69.135,$67.77
11/27/2020,$69.00,91488,$68.81,$69.335,$68.18
11/25/2020,$68.86,174717,$69.74,$70.06,$68.83
11/24/2020,$69.99,260083,$71.00,$71.00,$69.94
11/23/2020,$70.53,156192,$71.09,$71.36,$70.09
11/20/2020,$70.33,141720,$69.43,$70.77,$69.43
11/19/2020,$69.82,127792,$68.84,$69.89,$68.44
11/18/2020,$69.15,156671,$70.86,$71.24,$69.08
11/17/2020,$71.02,168106,$70.79,$71.19,$69.43
11/16/2020,$71.25,234994,$70.00,$71.30,$69.33
11/13/2020,$69.77,204286,$67.24,$70.12,$67.24
11/12/2020,$66.56,189680,$68.40,$68.40,$66.19
11/11/2020,$68.63,110106,$67.35,$68.74,$66.28
11/10/2020,$67.02,235740,$67.83,$68.54,$66.075
11/09/2020,$67.28,221061,$69.10,$70.65,$67.20
11/06/2020,$66.48,164972,$66.49,$67.21,$65.56
11/05/2020,$66.38,124284,$65.48,$66.815,$65.48
11/04/2020,$64.82,154727,$63.09,$65.135,$62.4165
11/03/2020,$63.68,312278,$64.30,$67.45,$63.1264
11/02/2020,$61.18,217912,$60.35,$61.27,$59.78
10/30/2020,$60.02,126964,$60.26,$60.88,$59.45
10/29/2020,$60.83,272161,$60.12,$61.42,$59.84
10/28/2020,$59.92,154078,$61.06,$61.35,$59.85
10/27/2020,$62.16,127168,$62.69,$63.52,$62.11
10/26/2020,$62.47,183024,$62.98,$63.16,$61.60
10/23/2020,$63.73,161440,$64.09,$64.09,$63.30
10/22/2020,$63.60,167515,$63.43,$64.12,$62.96
10/21/2020,$63.09,136860,$63.86,$64.54,$63.06
10/20/2020,$63.80,95725,$64.27,$64.91,$63.45
10/19/2020,$63.75,190120,$64.66,$65.27,$63.57
10/16/2020,$63.09,97100,$63.39,$64.56,$63.00
10/15/2020,$63.43,219283,$62.53,$63.445,$62.145
10/14/2020,$63.14,97830,$64.52,$64.99,$62.78
10/13/2020,$64.34,145976,$65.01,$65.01,$63.46
10/12/2020,$65.34,99478,$64.62,$65.61,$64.62
10/09/2020,$64.67,223834,$65.02,$65.89,$64.23
10/08/2020,$64.37,106876,$64.06,$65.13,$64.04
10/07/2020,$63.60,230185,$64.12,$64.12,$62.79
10/06/2020,$63.55,184884,$63.73,$64.91,$63.51
10/05/2020,$63.55,159945,$63.24,$64.23,$62.73
10/02/2020,$62.57,187721,$61.53,$63.23,$61.48
10/01/2020,$62.97,169800,$63.53,$63.60,$62.47
09/30/2020,$63.03,224407,$63.15,$64.51,$62.73
09/29/2020,$63.33,131920,$63.30,$64.1689,$63.02
09/28/2020,$63.00,156943,$62.55,$63.35,$62.1492
09/25/2020,$61.61,152430,$61.99,$62.02,$60.98
09/24/2020,$62.27,292359,$60.78,$63.01,$60.30
09/23/2020,$60.94,220650,$61.84,$62.80,$60.89
09/22/2020,$62.05,153547,$62.43,$62.43,$61.27
09/21/2020,$62.19,221483,$60.97,$62.21,$60.72
09/18/2020,$62.17,600449,$62.25,$63.15,$61.43
09/17/2020,$61.68,252466,$61.14,$61.80,$60.44
09/16/2020,$62.20,183231,$62.11,$63.01,$61.935
09/15/2020,$61.44,274080,$61.00,$61.985,$60.51
09/14/2020,$60.46,213153,$60.17,$60.88,$59.80
09/11/2020,$59.44,324463,$59.81,$60.09,$58.85
09/10/2020,$59.53,342475,$63.00,$63.555,$59.25
09/09/2020,$62.59,494170,$63.52,$63.52,$62.16
09/08/2020,$62.96,295876,$63.27,$63.98,$62.24
09/04/2020,$63.99,490784,$64.10,$65.55,$62.09
09/03/2020,$64.13,698404,$66.81,$66.81,$59.995
09/02/2020,$68.72,194607,$68.19,$68.90,$67.63
09/01/2020,$68.01,236523,$69.00,$69.18,$67.58
08/31/2020,$69.78,213842,$70.34,$70.67,$69.32
08/28/2020,$70.22,162510,$70.45,$70.60,$69.60
08/27/2020,$70.05,278361,$71.08,$71.11,$69.42
08/26/2020,$71.34,270747,$71.12,$72.04,$70.06
08/25/2020,$71.34,302431,$69.46,$71.48,$69.19
08/24/2020,$69.61,188931,$69.88,$71.295,$69.27
08/21/2020,$69.12,280818,$70.02,$70.055,$68.19
08/20/2020,$70.05,563146,$73.79,$74.24,$69.51
08/19/2020,$74.37,404990,$72.50,$74.77,$72.4391
08/18/2020,$72.69,833975,$70.72,$72.76,$67.74
08/17/2020,$74.44,332575,$73.39,$74.975,$72.825
08/14/2020,$73.06,281551,$73.94,$75.00,$72.53
08/13/2020,$74.35,172304,$74.84,$75.04,$74.00
08/12/2020,$74.68,261472,$73.81,$74.915,$73.50
08/11/2020,$73.09,201897,$72.94,$74.465,$72.46
08/10/2020,$72.65,196787,$76.38,$76.852,$72.50
08/07/2020,$76.40,248866,$75.75,$76.46,$75.51
08/06/2020,$75.84,161195,$75.42,$76.195,$74.98
08/05/2020,$75.63,404658,$74.29,$76.85,$73.86
08/04/2020,$73.54,213178,$73.87,$74.51,$72.97
08/03/2020,$73.64,118861,$72.63,$74.15,$72.63
07/31/2020,$72.63,270434,$72.28,$72.71,$71.13
07/30/2020,$72.13,110583,$70.35,$72.37,$70.35
07/29/2020,$71.34,162946,$69.53,$71.54,$69.495
07/28/2020,$69.35,197179,$69.29,$69.55,$68.885
07/27/2020,$69.80,144100,$68.50,$69.9572,$68.50
07/24/2020,$68.50,231111,$69.19,$69.19,$67.945
07/23/2020,$69.23,282961,$67.97,$69.2699,$67.97
07/22/2020,$67.89,179302,$66.90,$68.19,$66.90
07/21/2020,$67.25,153986,$67.00,$67.78,$66.82
07/20/2020,$66.55,125809,$64.34,$66.69,$64.01
07/17/2020,$64.65,142745,$64.14,$64.975,$63.86
07/16/2020,$63.72,150835,$64.70,$65.04,$63.21
07/15/2020,$65.02,292717,$65.50,$65.93,$64.49
07/14/2020,$64.16,139714,$62.29,$64.21,$62.105
07/13/2020,$62.72,241474,$65.04,$65.26,$62.61
07/10/2020,$64.33,211072,$64.95,$65.25,$63.76
07/09/2020,$65.12,208348,$63.42,$65.26,$62.75
07/08/2020,$63.26,347494,$64.14,$64.79,$62.64
07/07/2020,$64.05,498701,$63.95,$65.40,$63.62
07/06/2020,$64.32,276099,$63.99,$65.17,$63.78
07/02/2020,$62.78,273130,$62.11,$63.16,$62.11
07/01/2020,$61.26,323692,$62.55,$62.615,$60.97
06/30/2020,$62.42,320030,$60.19,$62.48,$60.10
06/29/2020,$60.20,305616,$59.83,$60.9599,$59.275
06/26/2020,$59.35,550961,$59.00,$60.34,$58.56
06/25/2020,$59.20,346015,$58.44,$59.24,$57.56
06/24/2020,$58.56,302726,$59.84,$60.375,$58.40
06/23/2020,$60.38,593195,$61.25,$61.38,$60.20
06/22/2020,$60.41,402266,$59.99,$61.34,$59.15
06/19/2020,$60.19,509454,$62.03,$62.615,$59.96
06/18/2020,$61.40,442421,$62.42,$62.81,$60.58
06/17/2020,$63.00,430467,$64.26,$64.71,$61.92
06/16/2020,$63.92,414581,$64.62,$64.78,$63.26
06/15/2020,$61.66,341905,$59.37,$62.03,$59.08
06/12/2020,$60.84,321494,$62.26,$62.775,$59.30
06/11/2020,$60.33,385397,$64.50,$64.50,$60.33
06/10/2020,$66.16,195253,$67.19,$67.505,$65.775
06/09/2020,$67.01,178572,$66.83,$68.16,$66.80
06/08/2020,$67.57,322323,$67.71,$68.22,$66.56
06/05/2020,$66.29,327908,$66.90,$67.49,$65.76
06/04/2020,$65.27,338251,$65.62,$66.26,$64.33
06/03/2020,$66.44,335890,$66.71,$66.955,$65.88
06/02/2020,$66.00,317900,$66.39,$67.04,$65.78
06/01/2020,$65.85,229746,$64.15,$66.15,$63.87
05/29/2020,$63.94,211539,$63.39,$64.26,$62.48
05/28/2020,$63.65,200374,$65.00,$65.53,$63.63
05/27/2020,$64.87,237529,$64.63,$64.99,$62.50
05/26/2020,$63.78,218870,$64.03,$64.48,$62.85
05/22/2020,$62.67,138645,$62.98,$62.98,$61.89
05/21/2020,$62.55,226904,$63.14,$63.98,$62.13
05/20/2020,$63.28,297876,$61.49,$63.30,$61.49
05/19/2020,$60.39,253110,$58.02,$61.33,$58.02
05/18/2020,$58.26,299299,$56.45,$58.68,$56.45
05/15/2020,$54.95,470319,$55.56,$56.40,$54.58
05/14/2020,$55.93,425078,$56.24,$57.05,$54.38
05/13/2020,$57.12,215305,$59.18,$59.8599,$56.61
05/12/2020,$59.41,234746,$62.00,$62.23,$59.20
05/11/2020,$61.55,212792,$60.61,$62.62,$59.95
05/08/2020,$61.35,192888,$59.95,$61.46,$59.15
05/07/2020,$58.87,332483,$60.34,$60.34,$57.75
05/06/2020,$58.15,366992,$58.12,$59.9097,$57.895
05/05/2020,$58.02,474257,$64.61,$64.61,$57.90
05/04/2020,$58.74,320211,$59.45,$60.40,$58.15
05/01/2020,$59.64,389041,$60.82,$62.36,$59.13
04/30/2020,$62.75,425017,$64.30,$64.73,$62.385
04/29/2020,$64.91,384727,$66.35,$66.35,$64.20
04/28/2020,$64.49,291850,$67.31,$67.31,$63.98
04/27/2020,$65.77,309186,$65.50,$66.37,$64.82
04/24/2020,$64.54,191054,$63.61,$64.94,$63.46
04/23/2020,$64.06,148202,$62.40,$64.77,$62.40
04/22/2020,$62.54,218160,$62.67,$63.22,$61.59
04/21/2020,$61.28,191088,$60.11,$61.54,$59.65
04/20/2020,$61.20,222152,$60.48,$62.98,$60.31
04/17/2020,$61.51,190912,$63.61,$63.98,$60.98
04/16/2020,$62.64,264581,$61.28,$62.825,$60.60
04/15/2020,$61.28,233435,$60.83,$62.40,$59.43
04/14/2020,$62.73,193168,$60.07,$62.84,$60.00
04/13/2020,$58.47,284513,$59.29,$59.94,$58.1825
04/09/2020,$60.30,211052,$60.03,$61.35,$59.35
04/08/2020,$58.88,265004,$59.82,$59.98,$57.32
04/07/2020,$59.09,361888,$59.01,$59.78,$57.56
04/06/2020,$57.65,202437,$54.97,$57.84,$54.57
04/03/2020,$52.65,215457,$53.27,$54.08,$51.30
04/02/2020,$53.90,214644,$53.17,$55.93,$52.83
04/01/2020,$53.92,362249,$52.51,$54.80,$51.87
03/31/2020,$54.56,345208,$52.52,$54.56,$51.95
03/30/2020,$52.72,423053,$48.83,$52.97,$48.135
03/27/2020,$48.34,294337,$51.65,$51.98,$47.785
03/26/2020,$53.23,276484,$52.90,$53.78,$51.94
03/25/2020,$52.42,462611,$53.94,$55.21,$51.47
03/24/2020,$54.50,400046,$51.90,$54.50,$50.33
03/23/2020,$49.63,355225,$47.91,$51.57,$46.40
03/20/2020,$47.78,544241,$49.82,$52.00,$47.54
03/19/2020,$49.38,383137,$47.15,$50.45,$45.25
03/18/2020,$47.55,680085,$47.88,$49.96,$45.80
03/17/2020,$50.42,814876,$50.91,$52.14,$47.85
03/16/2020,$49.96,489242,$44.00,$51.68,$44.00
03/13/2020,$52.85,477101,$50.89,$52.85,$47.44
03/12/2020,$48.18,384485,$47.55,$51.74,$45.56
03/11/2020,$51.08,284184,$53.70,$54.055,$50.375
03/10/2020,$55.48,556287,$55.33,$56.36,$52.905
03/09/2020,$53.76,323147,$55.15,$57.34,$53.34
03/06/2020,$59.32,495857,$58.04,$59.57,$57.87
03/05/2020,$60.51,621790,$58.05,$60.59,$57.5912
03/04/2020,$59.41,307109,$57.30,$59.43,$56.74
03/03/2020,$56.31,318493,$57.48,$60.51,$56.15
03/02/2020,$57.50,337008,$55.73,$57.52,$54.57
02/28/2020,$55.12,503591,$52.20,$55.84,$52.00
02/27/2020,$54.87,288979,$55.69,$57.33,$54.58
02/26/2020,$57.22,190606,$56.58,$58.13,$56.58
02/25/2020,$56.30,272502,$58.72,$58.88,$56.30
02/24/2020,$58.05,376704,$59.29,$59.30,$57.24
02/21/2020,$61.29,221800,$63.03,$63.03,$61.04
02/20/2020,$63.24,176821,$63.16,$63.5637,$62.36
02/19/2020,$63.41,125571,$63.51,$63.91,$63.13
02/18/2020,$62.95,281007,$64.51,$64.57,$62.91
02/14/2020,$64.99,170083,$67.60,$67.76,$64.86
02/13/2020,$67.70,399535,$67.33,$68.2725,$66.73
02/12/2020,$68.04,212359,$67.58,$68.30,$66.95
02/11/2020,$67.00,264610,$66.25,$68.1135,$65.59
02/10/2020,$65.72,202875,$63.99,$65.82,$63.41
02/07/2020,$64.48,192434,$65.55,$65.55,$63.66
02/06/2020,$65.72,176430,$67.58,$67.58,$65.42
02/05/2020,$67.14,317978,$68.96,$69.35,$66.65
02/04/2020,$67.71,639701,$65.19,$71.22,$65.19
02/03/2020,$63.71,404254,$63.31,$64.32,$63.07
01/31/2020,$63.04,336595,$66.25,$66.405,$63.04
01/30/2020,$66.52,173388,$66.08,$67.00,$65.46
01/29/2020,$66.81,276807,$67.89,$68.01,$66.70
01/28/2020,$67.52,210452,$65.93,$67.69,$65.485
01/27/2020,$65.55,162831,$65.24,$66.035,$64.72
01/24/2020,$67.07,169900,$68.25,$68.25,$66.94
01/23/2020,$67.95,237247,$67.24,$68.34,$66.7352
01/22/2020,$67.68,410096,$66.69,$68.29,$66.06
01/21/2020,$66.15,152263,$66.32,$66.4732,$65.73
01/17/2020,$66.66,265321,$65.15,$66.82,$64.78
01/16/2020,$64.51,402875,$66.89,$67.01,$64.07
01/15/2020,$66.35,168733,$65.52,$66.48,$65.52
01/14/2020,$66.03,236740,$65.99,$67.17,$65.37
01/13/2020,$66.22,182912,$64.84,$66.24,$64.84
01/10/2020,$64.84,162916,$65.65,$65.73,$64.60
01/09/2020,$65.78,207484,$67.00,$67.00,$65.31
01/08/2020,$66.07,173695,$65.62,$66.72,$65.44
01/07/2020,$65.70,135613,$64.54,$66.11,$64.42
01/06/2020,$64.78,266259,$64.95,$65.25,$64.17
01/03/2020,$65.95,212080,$64.97,$66.28,$64.97
01/02/2020,$66.16,209692,$65.94,$66.21,$64.32
12/31/2019,$64.84,175889,$64.68,$65.76,$64.68
12/30/2019,$64.95,134152,$64.53,$65.29,$63.30
12/27/2019,$64.57,134967,$65.55,$65.56,$64.53
12/26/2019,$65.40,58277,$64.98,$65.68,$64.945
12/24/2019,$64.79,69201,$64.56,$64.84,$64.02
12/23/2019,$64.41,116603,$64.49,$65.03,$64.02
12/20/2019,$64.43,681166,$65.12,$65.89,$64.245
12/19/2019,$64.98,234534,$64.34,$65.56,$64.17
12/18/2019,$64.35,350839,$64.46,$64.95,$63.37
12/17/2019,$64.64,288984,$64.01,$64.865,$63.635
12/16/2019,$63.77,384405,$62.85,$64.24,$62.82
12/13/2019,$62.62,235241,$62.84,$63.43,$62.05
12/12/2019,$63.01,252892,$60.80,$63.22,$60.73
12/11/2019,$60.73,448323,$58.93,$60.91,$58.77
12/10/2019,$58.60,253322,$59.25,$59.35,$58.39
12/09/2019,$59.50,163969,$60.12,$60.39,$59.49
12/06/2019,$60.38,195799,$60.75,$61.27,$60.32
12/05/2019,$59.74,238826,$60.08,$60.52,$59.65
12/04/2019,$59.50,178970,$59.37,$60.22,$59.26
12/03/2019,$58.69,213918,$58.22,$58.81,$57.27
12/02/2019,$59.12,197619,$60.57,$60.80,$59.03
11/29/2019,$60.49,56191,$60.85,$61.31,$60.37
11/27/2019,$61.19,96066,$60.78,$61.28,$60.44
11/26/2019,$60.50,142105,$60.60,$60.86,$59.93
11/25/2019,$60.56,197567,$59.90,$60.905,$59.87
11/22/2019,$59.60,240330,$60.48,$60.48,$59.38
11/21/2019,$59.99,215149,$61.03,$61.03,$59.77
11/20/2019,$60.81,334218,$60.95,$61.75,$60.05
11/19/2019,$61.43,295617,$61.00,$61.70,$60.13
11/18/2019,$61.04,360627,$60.43,$61.22,$59.955
11/15/2019,$60.86,258719,$60.35,$61.34,$60.12
11/14/2019,$59.89,218090,$59.73,$60.63,$59.38
11/13/2019,$59.75,252607,$58.74,$59.82,$58.6001
11/12/2019,$59.25,271960,$58.92,$59.625,$58.66
11/11/2019,$58.77,163823,$58.50,$58.92,$58.13
11/08/2019,$58.79,239281,$56.84,$58.89,$56.84
11/07/2019,$57.24,189192,$57.00,$57.4852,$56.84
11/06/2019,$57.21,282345,$57.67,$58.08,$56.955
11/05/2019,$57.56,1165862,$60.91,$60.91,$55.53
11/04/2019,$60.60,537207,$58.93,$61.00,$58.45
11/01/2019,$58.45,278639,$56.50,$58.47,$56.12
10/31/2019,$56.23,388680,$54.67,$56.28,$54.26
10/30/2019,$54.32,172274,$53.73,$54.68,$53.035
10/29/2019,$53.27,384118,$54.07,$54.14,$52.05
10/28/2019,$54.39,373244,$54.17,$56.09,$53.96
10/25/2019,$53.80,133470,$53.54,$54.45,$53.1101
10/24/2019,$53.37,285201,$53.78,$53.78,$52.045
10/23/2019,$53.08,200136,$54.30,$54.40,$52.955
10/22/2019,$54.46,216736,$53.98,$55.00,$53.62
10/21/2019,$53.97,230144,$53.40,$55.06,$53.40
10/18/2019,$52.78,245664,$52.07,$52.985,$52.05
10/17/2019,$52.21,181029,$51.50,$52.47,$51.46
10/16/2019,$51.26,142000,$51.43,$52.29,$51.20
10/15/2019,$51.48,168222,$50.53,$51.78,$50.53
10/14/2019,$50.40,164786,$49.75,$50.73,$49.75
10/11/2019,$50.00,413160,$49.68,$50.98,$49.68
10/10/2019,$48.69,199781,$48.54,$49.30,$48.47
10/09/2019,$48.40,242897,$49.17,$49.36,$48.39
10/08/2019,$48.78,220503,$49.98,$50.2197,$48.65
10/07/2019,$50.74,193278,$50.69,$51.465,$50.58
10/04/2019,$51.03,241907,$50.89,$51.48,$50.47
10/03/2019,$50.54,229411,$50.69,$51.11,$50.05
10/02/2019,$50.65,262403,$51.00,$51.67,$50.47
10/01/2019,$51.66,465599,$52.76,$53.235,$51.01
09/30/2019,$52.30,291656,$52.98,$53.18,$51.95
09/27/2019,$51.62,360785,$52.91,$53.69,$51.05
09/26/2019,$53.15,240045,$53.41,$53.68,$52.76
09/25/2019,$53.50,179229,$52.21,$53.66,$52.185
09/24/2019,$52.18,291445,$52.89,$53.37,$51.98
09/23/2019,$52.52,189006,$52.77,$52.94,$51.905
09/20/2019,$52.88,579947,$53.00,$53.71,$52.56
09/19/2019,$53.11,401539,$54.25,$54.605,$53.11
09/18/2019,$54.48,522189,$55.76,$56.30,$53.81
09/17/2019,$55.76,200671,$54.77,$56.28,$54.28
09/16/2019,$55.22,270847,$55.51,$56.6082,$55.21
09/13/2019,$55.98,368543,$55.76,$56.43,$54.81
09/12/2019,$55.51,407493,$55.00,$55.82,$54.82
09/11/2019,$55.38,298592,$55.00,$55.72,$54.251
09/10/2019,$55.03,300117,$54.42,$55.04,$53.531
09/09/2019,$54.58,431372,$53.57,$54.75,$52.66
09/06/2019,$53.83,445798,$53.80,$54.08,$53.025
09/05/2019,$53.78,520505,$51.34,$54.00,$51.34
09/04/2019,$51.32,289221,$50.70,$51.65,$50.70
09/03/2019,$50.18,318676,$49.97,$50.37,$49.02
08/30/2019,$50.49,331609,$51.11,$51.11,$49.7407
08/29/2019,$50.71,297537,$49.51,$50.79,$49.495
08/28/2019,$48.52,380224,$48.20,$49.08,$47.745
08/27/2019,$48.41,488249,$49.06,$49.45,$47.94
08/26/2019,$48.81,658203,$48.56,$49.26,$47.74
08/23/2019,$47.59,649842,$48.10,$49.225,$47.29
08/22/2019,$48.39,547323,$48.31,$48.63,$47.645
08/21/2019,$48.00,895720,$47.46,$48.25,$46.51
08/20/2019,$46.46,3167922,$47.37,$50.50,$45.50
08/19/2019,$56.46,547923,$56.09,$57.01,$55.89
08/16/2019,$55.57,312601,$53.20,$55.85,$52.86
08/15/2019,$52.85,223552,$52.82,$52.98,$51.505
08/14/2019,$52.66,226799,$53.59,$53.94,$52.03
08/13/2019,$55.06,217318,$53.41,$55.40,$53.18
08/12/2019,$53.51,229747,$53.38,$54.12,$53.02
08/09/2019,$53.88,358858,$54.05,$54.08,$52.57
08/08/2019,$53.77,250760,$51.74,$53.93,$51.74
08/07/2019,$50.77,188402,$49.67,$51.27,$49.55
08/06/2019,$50.56,391568,$49.96,$50.9555,$49.64
08/05/2019,$49.52,513997,$49.63,$50.07,$48.91
08/02/2019,$50.99,319531,$52.15,$52.37,$50.41
08/01/2019,$52.74,346594,$53.94,$55.11,$52.18
07/31/2019,$53.68,460789,$54.35,$54.73,$53.25
07/30/2019,$54.30,330479,$54.35,$55.025,$54.04
07/29/2019,$54.94,152932,$54.47,$54.97,$53.89
07/26/2019,$54.57,197203,$54.46,$54.99,$54.01
07/25/2019,$54.29,136022,$54.72,$54.98,$53.98
07/24/2019,$54.86,282584,$53.57,$55.11,$53.50
07/23/2019,$53.96,272011,$53.08,$54.04,$52.635
07/22/2019,$52.59,218713,$52.53,$53.59,$52.40
07/19/2019,$52.37,280326,$52.32,$52.83,$52.17
07/18/2019,$52.28,152685,$52.36,$52.52,$51.625
07/17/2019,$52.49,269219,$52.24,$53.435,$51.845
07/16/2019,$52.22,216765,$52.00,$52.43,$51.57
07/15/2019,$52.04,149781,$52.25,$52.28,$51.59
07/12/2019,$52.06,176992,$51.55,$52.41,$51.51
07/11/2019,$51.16,219399,$51.42,$51.50,$50.80
07/10/2019,$51.29,234849,$51.10,$51.59,$51.04
07/09/2019,$50.81,262954,$50.43,$50.84,$49.82
07/08/2019,$50.22,174063,$50.67,$51.31,$50.08
07/05/2019,$51.10,123299,$50.59,$51.20,$49.87
07/03/2019,$51.19,80154,$50.93,$51.21,$50.44
07/02/2019,$50.76,260828,$51.74,$52.0135,$50.16
07/01/2019,$51.95,524524,$51.80,$52.86,$51.35
06/28/2019,$49.67,1548922,$49.95,$50.55,$49.31
06/27/2019,$49.91,213334,$49.26,$49.94,$48.61
06/26/2019,$48.71,576316,$48.16,$49.49,$47.93
06/25/2019,$47.53,335199,$48.66,$49.075,$47.42
